time,windspeed
2010-01-01,0.0
2010-01-06,6.3
2010-01-07,26.1
2010-01-08,7.9
2010-01-11,0.8
2010-01-12,4.2
2010-01-13,6.2
2010-01-14,8.6
2010-01-15,0.2
2010-01-16,1.9
2010-01-17,1.7
2010-01-20,8.0
2010-01-21,2.2
2010-01-22,0.0
2010-01-24,0.8
2010-01-25,1.0
2010-01-26,1.6
2010-01-27,12.0
2010-01-28,0.5
2010-01-29,10.0
2010-01-30,1.2
2010-01-31,1.4
2010-02-01,21.9
2010-02-04,0.8
2010-02-06,0.0
2010-02-07,15.6
2010-02-08,0.0
2010-02-10,0.0
2010-02-11,0.0
2010-02-13,13.8
2010-02-14,30.3
2010-02-16,0.0
2010-02-17,0.0
2010-02-19,9.9
2010-03-07,0.0
2010-03-16,0.0
2010-03-17,3.0
2010-03-18,16.8
2010-03-19,0.6
2010-03-21,1.0
2010-03-26,0.4
2010-03-27,4.5
2010-03-28,0.3
2010-03-29,0.0
2010-03-30,0.2
2010-04-01,1.8
2010-04-05,5.6
2010-04-06,13.1
2010-04-08,41.2
2010-04-09,0.0
2010-04-10,1.7
2010-04-11,6.2
2010-04-12,0.2
2010-04-13,6.5
2010-04-16,5.9
2010-04-17,6.3
2010-04-18,0.0
2010-04-19,0.5
2010-04-22,0.3
2010-04-23,10.9
2010-04-24,13.9
2010-04-25,5.7
2010-04-26,0.4
2010-04-27,10.0
2010-04-28,6.4
2010-04-29,6.5
2010-04-30,12.3
2010-05-04,0.6
2010-05-05,0.8
2010-05-06,37.1
2010-05-07,28.8
2010-05-08,5.8
2010-05-09,2.9
2010-05-10,22.5
2010-05-11,5.2
2010-05-13,4.5
2010-05-14,12.1
2010-05-15,1.5
2010-05-16,0.8
2010-05-17,7.8
2010-05-18,1.0
2010-05-19,0.0
2010-05-20,6.0
2010-05-21,9.3
2010-05-22,28.2
2010-05-23,20.0
2010-05-24,0.4
2010-05-25,0.0
2010-05-26,2.4
2010-05-27,1.8
2010-05-28,0.1
2010-05-30,0.5
2010-06-01,0.0
2010-06-02,2.3
2010-06-03,4.1
2010-06-04,6.6
2010-06-05,31.0
2010-06-06,3.1
2010-06-07,0.9
2010-06-10,0.0
2010-06-11,8.8
2010-06-12,1.6
2010-06-13,3.7
2010-06-14,2.2
2010-06-15,1.4
2010-06-16,12.4
2010-06-17,0.0
2010-06-18,1.5
2010-06-19,0.2
2010-06-20,16.9
2010-06-21,14.5
2010-06-22,2.4
2010-06-23,3.2
2010-06-24,3.1
2010-06-25,0.0
2010-06-26,0.0
2010-06-27,0.0
2010-06-28,4.7
2010-06-29,4.1
2010-06-30,0.5
2010-07-01,1.5
2010-07-03,0.6
2010-07-04,0.7
2010-07-05,7.4
2010-07-06,6.6
2010-07-07,1.2
2010-07-08,31.6
2010-07-10,0.2
2010-07-11,6.8
2010-07-12,0.0
2010-07-15,0.1
2010-07-16,1.0
2010-07-17,0.0
2010-07-18,4.2
2010-07-20,4.5
2010-07-21,21.6
2010-07-22,12.4
2010-07-23,34.2
2010-07-24,9.8
2010-07-25,17.2
2010-07-26,14.2
2010-07-28,2.9
2010-07-29,38.5
2010-07-30,11.6
2010-07-31,0.6
2010-08-01,2.0
2010-08-02,0.5
2010-08-03,10.8
2010-08-04,36.0
2010-08-05,1.3
2010-08-06,0.5
2010-08-07,8.0
2010-08-08,14.7
2010-08-09,7.7
2010-08-10,0.0
2010-08-11,16.7
2010-08-12,0.0
2010-08-13,0.0
2010-08-15,0.2
2010-08-16,3.1
2010-08-17,4.3
2010-08-18,0.5
2010-08-20,3.9
2010-08-21,9.1
2010-08-22,11.0
2010-08-24,7.4
2010-08-25,7.7
2010-08-31,7.9
2010-09-01,18.7
2010-09-02,48.0
2010-09-03,13.0
2010-09-04,16.8
2010-09-05,21.9
2010-09-07,0.0
2010-09-08,23.3
2010-09-09,0.0
2010-09-10,0.0
2010-09-11,2.7
2010-09-12,2.0
2010-09-13,5.4
2010-09-14,8.3
2010-09-15,42.8
2010-09-16,0.0
2010-09-17,0.0
2010-09-18,0.0
2010-09-19,0.0
2010-09-20,6.8
2010-09-21,0.0
2010-09-22,0.5
2010-09-23,0.0
2010-09-24,0.0
2010-09-25,0.0
2010-09-26,0.0
2010-09-27,4.8
2010-09-28,0.8
2010-09-29,0.0
2010-09-30,11.0
2010-10-01,26.5
2010-10-02,4.2
2010-10-05,16.0
2010-10-06,8.8
2010-10-09,0.4
2010-10-10,11.0
2010-10-11,0.9
2010-10-12,7.3
2010-10-13,0.8
2010-10-14,0.0
2010-10-15,13.8
2010-10-16,13.0
2010-10-17,1.0
2010-10-18,1.1
2010-10-19,3.5
2010-10-20,1.8
2010-10-21,7.0
2010-10-23,56.8
2010-10-24,35.0
2010-10-25,2.8
2010-10-28,24.5
2010-10-30,0.0
2010-10-31,9.4
2010-11-01,15.5
2010-11-02,15.3
2010-11-04,11.3
2010-11-05,0.5
2010-11-06,20.5
2010-11-07,5.6
2010-11-08,0.3
2010-11-12,1.5
2010-11-13,0.7
2010-11-16,4.1
2010-11-17,15.5
2010-11-18,4.1
2010-11-19,39.0
2010-11-21,10.0
2010-11-22,9.2
2010-11-23,0.5
2010-11-24,9.8
2010-11-25,9.0
2010-11-26,0.8
2010-11-27,8.0
2010-11-28,0.1
2010-11-29,7.1
2010-12-01,1.6
2010-12-02,1.4
2010-12-03,7.1
2010-12-04,0.8
2010-12-05,6.4
2010-12-06,8.1
2010-12-07,8.5
2010-12-08,3.2
2010-12-09,6.5
2010-12-10,40.5
2010-12-11,1.3
2010-12-12,30.0
2010-12-13,0.9
2010-12-14,0.5
2010-12-16,43.3
2010-12-17,1.4
2010-12-19,7.3
2010-12-20,0.5
2010-12-21,4.8
2010-12-22,43.8
2010-12-24,11.0
2010-12-25,21.0
2010-12-27,3.0
2010-12-30,11.3
2010-12-31,0.0
2011-01-01,2.5
2011-01-02,7.4
2011-01-03,2.2
2011-01-04,11.5
2011-01-05,1.8
2011-01-06,0.0
2011-01-09,3.0
2011-01-10,2.5
2011-01-12,5.1
2011-01-13,2.1
2011-01-14,20.0
2011-01-15,0.0
2011-01-16,0.0
2011-01-17,0.0
2011-01-18,0.0
2011-01-19,6.7
2011-01-20,3.5
2011-01-23,1.4
2011-01-24,18.8
2011-01-25,3.5
2011-01-26,3.5
2011-01-27,4.8
2011-01-28,17.7
2011-01-29,4.0
2011-01-30,18.8
2011-01-31,11.4
2011-02-01,11.3
2011-02-02,10.7
2011-02-03,0.2
2011-02-04,32.8
2011-02-05,50.4
2011-02-06,38.2
2011-02-08,0.0
2011-02-09,41.8
2011-02-10,0.5
2011-02-12,0.2
2011-02-13,4.6
2011-02-14,7.5
2011-02-15,0.0
2011-02-16,0.0
2011-02-17,0.0
2011-02-18,70.4
2011-02-19,0.2
2011-02-20,7.5
2011-02-21,13.0
2011-02-22,91.0
2011-02-24,0.7
2011-02-25,3.5
2011-02-27,0.4
2011-03-02,10.9
2011-03-03,0.0
2011-03-04,0.3
2011-03-05,0.0
2011-03-10,21.5
2011-03-11,0.0
2011-03-13,1.0
2011-03-14,0.0
2011-03-15,0.0
2011-03-16,16.4
2011-03-18,4.4
2011-03-20,35.0
2011-03-21,66.3
2011-03-22,0.0
2011-03-23,2.2
2011-03-24,28.2
2011-03-25,18.7
2011-03-26,3.5
2011-03-27,1.2
2011-03-28,3.8
2011-03-29,1.7
2011-03-30,4.2
2011-03-31,6.9
2011-04-01,14.5
2011-04-02,1.9
2011-04-03,9.1
2011-04-04,0.0
2011-04-07,8.5
2011-04-08,0.0
2011-04-09,15.8
2011-04-10,6.3
2011-04-11,0.0
2011-04-12,1.4
2011-04-13,2.8
2011-04-14,0.6
2011-04-15,0.0
2011-04-16,17.8
2011-04-17,32.0
2011-04-19,7.6
2011-04-20,0.7
2011-04-21,31.0
2011-04-22,12.1
2011-04-23,6.5
2011-04-24,0.0
2011-04-25,0.0
2011-04-26,6.5
2011-04-27,14.2
2011-04-29,8.0
2011-04-30,0.0
2011-05-01,2.8
2011-05-02,40.0
2011-05-03,9.9
2011-05-04,2.5
2011-05-05,3.6
2011-05-06,0.0
2011-05-08,11.2
2011-05-11,26.0
2011-05-13,16.4
2011-05-14,0.0
2011-05-15,17.0
2011-05-16,11.0
2011-05-17,9.5
2011-05-18,22.5
2011-05-19,0.0
2011-05-20,45.5
2011-05-21,0.0
2011-05-22,92.0
2011-05-23,34.2
2011-05-24,8.0
2011-05-25,0.8
2011-05-27,1.4
2011-05-28,1.0
2011-05-30,0.3
2011-05-31,1.4
2011-06-01,1.5
2011-06-02,11.0
2011-06-03,5.7
2011-06-04,1.9
2011-06-06,3.2
2011-06-07,2.9
2011-06-08,0.6
2011-06-09,9.5
2011-06-10,0.3
2011-06-11,18.2
2011-06-12,2.3
2011-06-13,0.3
2011-06-14,1.0
2011-06-16,34.8
2011-06-18,0.0
2011-06-19,0.9
2011-06-20,0.0
2011-06-21,22.2
2011-06-22,0.0
2011-06-23,0.3
2011-06-25,1.4
2011-06-27,15.6
2011-06-28,1.5
2011-06-29,4.5
2011-07-02,16.3
2011-07-03,1.1
2011-07-04,0.0
2011-07-05,0.0
2011-07-06,0.0
2011-07-09,0.0
2011-07-10,0.0
2011-07-11,1.5
2011-07-19,0.0
2011-07-20,0.0
2011-07-21,3.0
2011-07-22,0.0
2011-07-23,1.5
2011-07-24,3.5
2011-08-02,0.0
2011-08-04,1.0
2011-08-06,0.0
2011-08-07,0.0
2011-08-10,1.7
2011-08-11,3.0
2011-08-12,13.5
2011-08-18,3.9
2011-08-22,0.0
2011-08-23,0.0
2011-08-26,0.0
2011-08-28,0.0
2011-08-30,5.7
2011-08-31,14.4
2011-09-02,24.2
2011-09-04,0.0
2011-09-05,18.0
2011-09-08,1.4
2011-09-09,0.0
2011-09-10,12.4
2011-09-12,0.2
2011-09-13,3.5
2011-09-14,53.7
2011-09-15,2.1
2011-09-16,25.0
2011-09-17,7.8
2011-09-19,5.2
2011-09-21,20.0
2011-09-22,2.5
2011-09-23,1.6
2011-09-29,3.2
2011-09-30,36.0
2011-10-01,0.0
2011-10-02,7.1
2011-10-03,4.5
2011-10-04,0.8
2011-10-05,6.2
2011-10-06,4.9
2011-10-07,4.5
2011-10-08,3.3
2011-10-11,18.4
2011-10-12,9.6
2011-10-15,0.0
2011-10-16,15.4
2011-10-18,1.8
2011-10-19,4.0
2011-10-20,11.4
2011-10-21,3.4
2011-10-22,0.7
2011-10-23,1.5
2011-10-24,0.0
2011-10-25,0.5
2011-10-26,4.2
2011-10-27,0.0
2011-10-28,0.6
2011-10-29,0.0
2011-10-30,0.0
2011-10-31,0.0
2011-11-02,6.0
2011-11-04,0.0
2011-11-05,3.6
2011-11-06,11.6
2011-11-07,19.1
2011-11-08,3.4
2011-11-09,0.0
2011-11-11,9.3
2011-11-12,8.2
2011-11-13,24.8
2011-11-14,1.2
2011-11-15,5.8
2011-11-16,0.0
2011-11-17,2.0
2011-11-18,0.9
2011-11-19,8.2
2011-11-20,4.8
2011-11-21,0.4
2011-11-22,7.6
2011-11-23,6.3
2011-11-24,36.3
2011-11-25,18.4
2011-11-26,1.8
2011-11-27,2.6
2011-11-29,28.7
2011-11-30,27.4
2011-12-02,1.0
2011-12-03,4.8
2011-12-04,0.8
2011-12-05,41.0
2011-12-06,10.9
2011-12-07,6.5
2011-12-08,10.7
2011-12-10,21.1
2011-12-11,0.4
2011-12-14,0.6
2011-12-15,15.1
2011-12-16,17.2
2011-12-18,14.5
2011-12-20,0.0
2011-12-22,18.1
2011-12-24,4.9
2011-12-25,2.9
2011-12-26,0.0
2011-12-27,1.2
2011-12-28,49.3
2011-12-29,4.3
2011-12-30,26.9
2011-12-31,4.9
2012-01-01,0.0
2012-01-02,37.1
2012-01-03,0.2
2012-01-04,5.0
2012-01-05,1.0
2012-01-06,1.0
2012-01-07,0.4
2012-01-08,1.3
2012-01-09,3.3
2012-01-10,0.0
2012-01-11,1.7
2012-01-12,0.0
2012-01-13,0.3
2012-01-14,5.3
2012-01-20,78.4
2012-01-21,0.0
2012-01-22,0.9
2012-01-23,5.7
2012-01-24,0.0
2012-01-25,6.8
2012-01-26,0.0
2012-01-27,1.0
2012-01-28,0.3
2012-01-29,0.4
2012-01-30,14.1
2012-02-01,0.0
2012-02-02,0.6
2012-02-03,0.0
2012-02-04,10.1
2012-02-05,0.0
2012-02-08,2.4
2012-02-13,45.7
2012-02-14,14.8
2012-02-15,0.0
2012-02-16,10.4
2012-02-18,28.4
2012-02-19,0.0
2012-02-20,5.0
2012-02-21,12.3
2012-02-22,2.6
2012-02-23,3.7
2012-02-28,5.0
2012-02-29,3.0
2012-03-01,5.7
2012-03-02,9.1
2012-03-03,42.5
2012-03-04,11.4
2012-03-05,12.5
2012-03-06,2.7
2012-03-07,41.6
2012-03-08,14.0
2012-03-09,0.5
2012-03-10,4.5
2012-03-11,28.3
2012-03-12,20.2
2012-03-13,9.8
2012-03-14,0.0
2012-03-15,8.8
2012-03-16,15.7
2012-03-17,1.0
2012-03-19,0.1
2012-03-21,1.1
2012-03-22,4.1
2012-03-24,0.0
2012-03-25,2.3
2012-03-26,0.0
2012-03-27,3.0
2012-03-28,11.3
2012-03-29,0.5
2012-03-30,3.7
2012-04-01,4.2
2012-04-02,0.0
2012-04-04,1.2
2012-04-05,25.7
2012-04-06,5.6
2012-04-07,15.2
2012-04-08,9.8
2012-04-09,1.6
2012-04-10,32.3
2012-04-11,67.5
2012-04-12,0.3
2012-04-13,15.2
2012-04-14,30.5
2012-04-15,14.5
2012-04-16,1.5
2012-04-17,0.0
2012-04-18,20.5
2012-04-19,11.5
2012-04-20,9.5
2012-04-21,19.6
2012-04-22,37.1
2012-04-23,30.8
2012-04-24,3.0
2012-04-25,1.5
2012-04-26,2.4
2012-04-27,14.2
2012-04-28,39.4
2012-04-29,0.4
2012-04-30,43.6
2012-05-03,0.1
2012-05-04,0.9
2012-05-05,0.0
2012-05-06,0.5
2012-05-07,4.9
2012-05-08,0.0
2012-05-09,1.2
2012-05-10,6.5
2012-05-11,0.9
2012-05-12,7.2
2012-05-13,8.9
2012-05-14,0.4
2012-05-15,25.2
2012-05-17,1.2
2012-05-18,24.1
2012-05-19,28.3
2012-05-20,32.9
2012-05-21,0.0
2012-05-25,24.6
2012-05-26,4.2
2012-05-27,7.9
2012-05-29,3.8
2012-05-31,1.2
2012-06-01,0.5
2012-06-04,0.2
2012-06-05,0.5
2012-06-06,0.0
2012-06-07,0.2
2012-06-09,2.0
2012-06-10,2.3
2012-06-11,0.2
2012-06-12,46.5
2012-06-13,0.0
2012-06-16,6.0
2012-06-21,0.8
2012-06-22,0.5
2012-06-23,2.6
2012-06-24,42.0
2012-06-28,0.4
2012-06-29,0.0
2012-06-30,4.1
2012-07-02,18.1
2012-07-03,0.6
2012-07-04,0.0
2012-07-05,29.9
2012-07-06,15.9
2012-07-07,11.0
2012-07-08,6.4
2012-07-09,0.3
2012-07-10,13.2
2012-07-11,4.0
2012-07-12,4.1
2012-07-13,2.8
2012-07-14,11.7
2012-07-16,3.6
2012-07-17,10.0
2012-07-18,2.2
2012-07-19,0.0
2012-07-20,1.7
2012-07-21,0.9
2012-07-22,17.6
2012-07-23,0.0
2012-07-24,0.0
2012-07-25,6.4
2012-07-26,7.0
2012-07-27,9.0
2012-07-29,0.7
2012-08-01,0.0
2012-08-07,0.0
2012-08-13,0.0
2012-08-14,0.0
2012-08-17,0.0
2012-08-19,0.0
2012-08-25,1.6
2012-08-26,0.3
2012-08-27,0.0
2012-08-28,5.0
2012-08-30,17.7
2012-08-31,69.6
2012-09-09,1.7
2012-09-13,2.9
2012-09-14,1.1
2012-09-15,17.7
2012-09-16,13.6
2012-09-17,4.4
2012-09-19,2.4
2012-09-27,45.0
2012-09-29,11.8
2012-09-30,10.7
2012-10-06,3.0
2012-10-07,0.0
2012-10-08,29.8
2012-10-09,4.0
2012-10-17,0.2
2012-10-18,1.2
2012-10-21,25.9
2012-10-22,9.4
2012-10-23,10.2
2012-10-24,1.8
2012-10-25,4.6
2012-10-27,7.7
2012-10-28,1.0
2012-10-29,1.8
2012-10-30,1.2
2012-10-31,0.9
2012-11-01,0.7
2012-11-02,40.0
2012-11-03,18.8
2012-11-04,9.9
2012-11-05,13.2
2012-11-06,9.9
2012-11-07,14.5
2012-11-08,0.0
2012-11-09,0.7
2012-11-10,35.3
2012-11-11,0.2
2012-11-12,12.8
2012-11-15,0.3
2012-11-16,0.1
2012-11-17,8.0
2012-11-18,16.3
2012-11-19,18.9
2012-11-20,17.8
2012-11-21,0.5
2012-11-22,0.8
2012-11-23,3.4
2012-11-24,0.0
2012-11-25,13.7
2012-11-26,2.0
2012-11-28,0.0
2012-11-29,1.1
2012-11-30,12.0
2012-12-01,6.0
2012-12-02,7.7
2012-12-03,0.0
2012-12-04,5.0
2012-12-06,23.5
2012-12-07,12.1
2012-12-08,0.0
2012-12-09,0.0
2012-12-12,0.0
2012-12-13,1.3
2012-12-15,10.5
2012-12-16,1.4
2012-12-17,0.3
2012-12-18,0.0
2012-12-19,0.0
2012-12-21,13.6
2012-12-22,4.9
2012-12-23,1.0
2012-12-24,35.2
2012-12-25,9.3
2012-12-26,7.5
2012-12-28,33.9
2012-12-29,3.9
2012-12-30,21.2
2012-12-31,3.1
2013-01-01,2.9
2013-01-02,16.5
2013-01-03,0.0
2013-01-04,0.0
2013-01-06,0.4
2013-01-07,4.4
2013-01-08,29.4
2013-01-09,29.8
2013-01-10,24.2
2013-01-11,0.6
2013-01-13,17.6
2013-01-14,0.4
2013-01-15,0.0
2013-01-16,1.7
2013-01-17,4.2
2013-01-18,17.4
2013-01-19,0.8
2013-01-20,0.1
2013-01-21,8.4
2013-01-22,4.4
2013-01-23,7.4
2013-01-24,0.8
2013-01-25,5.0
2013-01-27,21.6
2013-01-28,58.6
2013-01-29,0.3
2013-01-30,0.0
2013-01-31,0.0
2013-02-01,18.7
2013-02-02,7.4
2013-02-04,1.7
2013-02-06,0.0
2013-02-07,4.6
2013-02-08,7.8
2013-02-09,0.9
2013-02-10,0.0
2013-02-11,16.5
2013-02-12,4.0
2013-02-13,3.0
2013-02-14,0.3
2013-02-15,10.8
2013-02-16,0.1
2013-02-17,85.9
2013-02-18,27.0
2013-02-19,1.6
2013-02-20,1.6
2013-02-21,0.0
2013-02-22,29.8
2013-02-23,0.5
2013-02-24,0.5
2013-02-27,0.5
2013-03-04,0.4
2013-03-05,1.2
2013-03-06,3.9
2013-03-07,10.3
2013-03-08,4.5
2013-03-09,2.0
2013-03-10,0.4
2013-03-12,1.0
2013-03-18,18.6
2013-03-19,29.8
2013-03-20,2.3
2013-03-21,0.0
2013-03-23,20.0
2013-03-24,4.0
2013-03-25,12.0
2013-03-26,15.0
2013-03-27,0.2
2013-03-28,0.0
2013-03-29,26.0
2013-03-30,0.0
2013-03-31,0.0
2013-04-02,2.0
2013-04-03,0.2
2013-04-04,23.5
2013-04-05,0.3
2013-04-06,0.6
2013-04-07,16.2
2013-04-08,41.5
2013-04-09,10.9
2013-04-10,7.3
2013-04-11,0.0
2013-04-12,11.6
2013-04-13,8.4
2013-04-14,3.0
2013-04-15,4.6
2013-04-16,1.9
2013-04-17,6.7
2013-04-18,64.9
2013-04-19,55.2
2013-04-20,11.0
2013-04-21,5.6
2013-04-22,34.5
2013-04-24,59.4
2013-04-25,46.6
2013-04-26,2.0
2013-04-27,8.5
2013-04-28,33.3
2013-04-29,56.7
2013-05-01,6.0
2013-05-02,0.0
2013-05-03,1.8
2013-05-06,2.2
2013-05-07,0.0
2013-05-08,0.0
2013-05-09,2.0
2013-05-10,35.7
2013-05-11,7.9
2013-05-12,3.6
2013-05-13,1.2
2013-05-14,0.0
2013-05-15,2.6
2013-05-16,3.6
2013-05-17,0.8
2013-05-18,0.2
2013-05-19,0.6
2013-05-20,6.9
2013-05-21,1.2
2013-05-22,4.3
2013-05-24,1.4
2013-05-25,13.5
2013-05-26,0.0
2013-05-27,2.0
2013-05-28,14.0
2013-05-29,9.3
2013-05-30,0.5
2013-05-31,27.7
2013-06-01,0.0
2013-06-03,0.5
2013-06-04,1.2
2013-06-06,2.2
2013-06-07,4.8
2013-06-08,11.1
2013-06-10,0.8
2013-06-11,1.5
2013-06-12,27.6
2013-06-13,27.8
2013-06-14,4.0
2013-06-15,0.0
2013-06-19,0.7
2013-06-22,1.0
2013-06-25,1.0
2013-06-26,54.0
2013-06-28,13.0
2013-06-29,2.0
2013-06-30,22.0
2013-07-01,17.1
2013-07-02,6.5
2013-07-03,4.0
2013-07-04,0.0
2013-07-05,1.1
2013-07-08,11.1
2013-07-09,6.4
2013-07-11,21.2
2013-07-12,59.0
2013-07-13,7.7
2013-07-14,1.0
2013-07-16,19.4
2013-07-17,10.9
2013-07-18,8.1
2013-07-20,18.1
2013-07-21,4.2
2013-07-22,3.9
2013-07-25,30.5
2013-07-27,0.4
2013-07-30,0.6
2013-07-31,11.1
2013-08-02,0.0
2013-08-03,29.1
2013-08-04,13.1
2013-08-05,6.6
2013-08-06,0.0
2013-08-08,20.8
2013-08-09,43.0
2013-08-14,2.8
2013-08-20,0.0
2013-08-22,0.0
2013-08-24,14.5
2013-08-25,0.2
2013-08-26,0.0
2013-08-27,0.5
2013-08-28,0.3
2013-08-29,0.8
2013-09-01,0.0
2013-09-02,2.0
2013-09-03,13.6
2013-09-05,0.0
2013-09-06,0.0
2013-09-07,0.0
2013-09-10,0.0
2013-09-11,1.0
2013-09-12,1.7
2013-09-14,6.6
2013-09-17,0.2
2013-09-18,5.8
2013-09-19,1.5
2013-09-23,1.0
2013-09-29,0.0
2013-09-30,5.2
2013-10-01,6.8
2013-10-04,0.0
2013-10-05,5.1
2013-10-06,18.3
2013-10-07,0.0
2013-10-08,5.5
2013-10-11,0.0
2013-10-17,0.2
2013-10-18,21.8
2013-10-20,4.0
2013-10-21,1.9
2013-10-22,42.0
2013-10-24,35.5
2013-10-25,0.0
2013-10-26,1.1
2013-10-27,7.5
2013-10-28,6.5
2013-10-29,44.1
2013-10-30,5.5
2013-10-31,10.1
2013-11-01,12.3
2013-11-02,5.0
2013-11-04,0.4
2013-11-05,1.2
2013-11-10,2.7
2013-11-11,3.8
2013-11-12,36.4
2013-11-15,1.5
2013-11-16,8.1
2013-11-17,3.3
2013-11-19,1.0
2013-11-20,8.9
2013-11-21,0.3
2013-11-22,2.3
2013-11-23,8.7
2013-11-24,1.0
2013-11-25,12.4
2013-11-26,8.6
2013-11-27,0.6
2013-11-28,57.8
2013-11-30,0.0
2013-12-01,12.0
2013-12-02,63.0
2013-12-03,0.4
2013-12-04,0.0
2013-12-05,11.5
2013-12-06,2.3
2013-12-07,11.0
2013-12-11,1.9
2013-12-13,2.6
2013-12-14,2.2
2013-12-16,4.3
2013-12-17,15.0
2013-12-19,13.1
2013-12-20,2.7
2013-12-21,2.3
2013-12-22,1.5
2013-12-24,0.0
2013-12-26,0.0
2013-12-27,0.1
2013-12-28,0.0
2013-12-29,10.6
2013-12-31,0.7
2014-01-01,0.8
2014-01-03,4.4
2014-01-04,0.0
2014-01-05,0.0
2014-01-07,12.3
2014-01-08,12.0
2014-01-09,7.5
2014-01-10,13.0
2014-01-11,1.1
2014-01-12,23.3
2014-01-13,30.0
2014-01-14,0.1
2014-01-15,63.7
2014-01-16,56.9
2014-01-17,7.8
2014-01-18,1.5
2014-01-19,3.1
2014-01-20,3.4
2014-01-21,2.3
2014-01-22,10.2
2014-01-23,1.5
2014-01-24,8.5
2014-01-25,15.9
2014-01-26,14.3
2014-01-27,0.0
2014-01-28,0.0
2014-01-29,1.5
2014-01-30,0.0
2014-02-01,2.0
2014-02-02,0.0
2014-02-07,1.1
2014-02-08,0.2
2014-02-09,9.5
2014-02-10,0.2
2014-02-11,4.1
2014-02-12,18.7
2014-02-13,11.2
2014-02-15,15.5
2014-02-16,2.5
2014-02-19,14.5
2014-02-21,2.7
2014-02-22,0.0
2014-02-23,0.0
2014-02-24,1.7
2014-02-25,5.7
2014-02-28,21.5
2014-03-01,5.2
2014-03-05,0.0
2014-03-08,0.9
2014-03-11,10.5
2014-03-12,0.0
2014-03-13,0.0
2014-03-16,1.4
2014-03-17,1.5
2014-03-18,5.0
2014-03-21,0.0
2014-03-22,0.5
2014-03-23,33.9
2014-03-24,2.1
2014-03-25,0.3
2014-03-26,0.0
2014-03-27,0.6
2014-03-29,29.4
2014-03-30,22.5
2014-03-31,0.0
2014-04-01,0.1
2014-04-02,1.1
2014-04-03,9.6
2014-04-06,12.0
2014-04-07,0.0
2014-04-09,0.5
2014-04-10,2.3
2014-04-13,3.5
2014-04-14,16.7
2014-04-15,0.4
2014-04-16,11.1
2014-04-17,4.8
2014-04-18,2.7
2014-04-23,8.8
2014-04-24,7.1
2014-04-25,0.4
2014-04-27,20.2
2014-04-28,0.0
2014-05-02,12.2
2014-05-03,1.1
2014-05-08,0.1
2014-05-10,5.9
2014-05-11,82.3
2014-05-12,0.0
2014-05-13,15.3
2014-05-14,0.0
2014-05-15,43.5
2014-05-16,1.3
2014-05-17,39.0
2014-05-18,12.1
2014-05-19,4.4
2014-05-20,0.5
2014-05-21,4.1
2014-05-24,14.3
2014-05-25,16.8
2014-05-26,7.0
2014-05-28,0.9
2014-05-29,27.4
2014-05-30,4.0
2014-05-31,1.0
2014-06-01,6.5
2014-06-02,24.5
2014-06-03,28.5
2014-06-04,9.2
2014-06-05,1.1
2014-06-06,6.1
2014-06-07,0.0
2014-06-12,75.4
2014-06-13,15.3
2014-06-15,33.5
2014-06-16,50.6
2014-06-17,1.3
2014-06-18,1.6
2014-06-20,0.6
2014-06-21,20.9
2014-06-23,13.0
2014-06-26,0.0
2014-06-28,30.41
2014-06-29,96.3
2014-07-01,4.4
2014-07-02,0.0
2014-07-04,0.0
2014-07-05,0.0
2014-07-06,0.0
2014-07-08,0.0
2014-07-10,1.5
2014-07-11,20.5
2014-07-12,18.0
2014-07-15,1.6
2014-07-18,6.0
2014-07-20,65.3
2014-07-21,19.0
2014-07-22,1.0
2014-07-25,0.0
2014-08-05,0.3
2014-08-06,7.5
2014-08-07,15.0
2014-08-08,0.0
2014-08-09,0.0
2014-08-10,0.0
2014-08-11,43.1
2014-08-12,1.1
2014-08-13,2.8
2014-08-14,0.4
2014-08-15,8.6
2014-08-16,9.0
2014-08-17,17.6
2014-08-18,0.7
2014-08-19,0.0
2014-08-25,0.8
2014-08-27,9.7
2014-08-29,0.0
2014-08-30,6.5
2014-09-01,2.2
2014-09-09,2.5
2014-09-12,3.5
2014-09-13,1.5
2014-09-22,2.5
2014-09-23,25.4
2014-09-24,2.6
2014-10-20,0.0
2014-10-22,0.2
2014-10-23,6.1
2014-10-25,18.5
2014-10-26,0.0
2014-10-28,0.0
2014-10-29,57.0
2014-10-30,24.1
2014-10-31,0.5
2014-11-02,2.3
2014-11-03,55.7
2014-11-04,28.0
2014-11-06,13.7
2014-11-07,4.8
2014-11-08,1.0
2014-11-09,35.7
2014-11-10,7.2
2014-11-11,19.3
2014-11-12,12.5
2014-11-13,41.0
2014-11-14,0.5
2014-11-15,1.6
2014-11-16,2.0
2014-11-17,1.0
2014-11-20,11.6
2014-11-22,1.5
2014-11-23,2.3
2014-11-24,3.1
2014-11-26,40.1
2014-11-27,25.0
2014-11-28,20.2
2014-11-29,0.3
2014-11-30,5.0
2014-12-01,0.4
2014-12-02,10.7
2014-12-03,9.4
2014-12-04,1.0
2014-12-06,8.7
2014-12-07,14.4
2014-12-08,4.5
2014-12-09,0.2
2014-12-10,11.7
2014-12-14,1.6
2014-12-16,3.6
2014-12-17,17.0
2014-12-18,13.9
2014-12-19,7.5
2014-12-20,0.3
2014-12-21,28.0
2014-12-22,18.6
2014-12-23,2.5
2014-12-24,1.0
2014-12-25,6.5
2014-12-26,0.4
2014-12-27,0.0
2014-12-28,0.0
2014-12-29,0.6
2014-12-30,58.3
2014-12-31,5.2
2015-01-01,2.2
2015-01-02,0.3
2015-01-04,0.0
2015-01-05,0.4
2015-01-07,2.1
2015-01-08,6.0
2015-01-09,24.9
2015-01-10,4.3
2015-01-11,57.9
2015-01-12,1.9
2015-01-14,0.6
2015-01-15,0.0
2015-01-16,1.0
2015-01-17,0.6
2015-01-18,5.3
2015-01-19,29.8
2015-01-20,3.5
2015-01-21,10.2
2015-01-22,0.7
2015-01-23,0.1
2015-01-26,0.4
2015-01-28,0.0
2015-01-29,7.1
2015-01-30,0.0
2015-01-31,0.5
2015-02-01,0.0
2015-02-03,1.3
2015-02-04,3.7
2015-02-05,45.1
2015-02-06,9.1
2015-02-07,6.5
2015-02-08,0.9
2015-02-09,0.3
2015-02-10,13.5
2015-02-11,1.8
2015-02-14,2.3
2015-02-16,2.7
2015-02-17,2.1
2015-02-18,5.8
2015-02-19,6.2
2015-02-20,0.0
2015-02-21,0.0
2015-02-22,0.0
2015-02-23,0.0
2015-02-24,0.0
2015-02-25,3.5
2015-02-26,23.5
2015-02-27,1.4
2015-02-28,16.0
2015-03-01,1.5
2015-03-04,0.2
2015-03-05,5.7
2015-03-06,0.0
2015-03-08,2.5
2015-03-11,0.2
2015-03-15,0.0
2015-03-16,1.4
2015-03-18,0.7
2015-03-20,0.8
2015-03-21,0.0
2015-03-26,2.2
2015-03-27,0.1
2015-03-29,0.4
2015-03-30,0.4
2015-03-31,0.4
2015-04-04,0.0
2015-04-05,6.5
2015-04-08,32.9
2015-04-10,32.2
2015-04-16,8.0
2015-04-17,0.0
2015-04-18,1.0
2015-04-21,7.5
2015-04-24,26.6
2015-04-26,21.9
2015-04-27,20.9
2015-04-28,26.0
2015-04-29,16.4
2015-04-30,0.6
2015-05-02,0.0
2015-05-03,0.0
2015-05-04,2.5
2015-05-05,6.3
2015-05-06,26.2
2015-05-07,0.0
2015-05-08,5.8
2015-05-09,4.6
2015-05-10,0.0
2015-05-13,0.0
2015-05-15,14.2
2015-05-16,15.5
2015-05-17,5.5
2015-05-18,0.0
2015-05-19,0.0
2015-05-23,0.0
2015-05-24,56.2
2015-05-25,22.8
2015-05-26,0.5
2015-06-04,8.0
2015-06-05,29.0
2015-06-06,0.8
2015-06-08,24.1
2015-06-09,13.5
2015-06-10,0.3
2015-06-11,10.8
2015-06-12,15.9
2015-06-13,14.1
2015-06-14,2.0
2015-06-15,2.4
2015-06-18,0.0
2015-06-19,7.9
2015-06-21,0.0
2015-06-23,19.5
2015-06-25,1.5
2015-06-26,0.4
2015-06-28,0.0
2015-06-30,1.6
2015-07-01,0.0
2015-07-14,0.0
2015-07-19,0.3
2015-07-20,0.1
2015-07-23,1.4
2015-07-24,0.0
2015-07-27,0.3
2015-07-30,20.3
2015-08-01,0.0
2015-08-02,0.0
2015-08-07,0.0
2015-08-08,0.0
2015-08-28,6.3
2015-08-30,0.0
2015-10-07,0.0
2015-10-13,1.5
2015-10-28,0.1
2015-10-29,2.1
2015-10-30,2.0
2015-11-01,0.6
2015-11-02,5.8
2015-11-04,7.5
2015-11-06,3.0
2015-11-08,0.4
2015-11-09,42.2
2015-11-10,45.3
2015-11-11,0.0
2015-11-12,0.5
2015-11-13,2.1
2015-11-14,21.7
2015-11-15,16.0
2015-11-19,0.6
2015-11-20,15.1
2015-11-21,5.3
2015-11-22,8.9
2015-11-23,28.1
2015-11-24,24.2
2015-11-25,0.5
2015-11-26,0.5
2015-11-27,17.3
2015-11-30,14.2
2015-12-02,1.0
2015-12-04,17.1
2015-12-05,0.0
2015-12-07,5.0
2015-12-08,11.4
2015-12-09,1.1
2015-12-11,13.6
2015-12-14,4.7
2015-12-15,16.4
2015-12-16,28.0
2015-12-17,0.0
2015-12-18,3.0
2015-12-19,1.0
2015-12-20,5.0
2015-12-21,4.0
2015-12-22,0.0
2015-12-23,1.0
2015-12-24,1.1
2015-12-26,3.6
2015-12-28,1.0
2015-12-29,3.2
2015-12-30,3.0
2016-01-02,0.0
2016-01-04,9.0
2016-01-05,34.5
2016-01-06,16.0
2016-01-07,19.0
2016-01-13,0.2
2016-01-15,0.0
2016-01-17,14.0
2016-01-18,5.4
2016-01-20,1.0
2016-01-21,4.1
2016-01-22,25.9
2016-01-23,3.0
2016-01-25,1.9
2016-01-26,6.8
2016-01-27,5.5
2016-01-28,0.3
2016-01-29,1.2
2016-02-01,0.4
2016-02-05,0.0
2016-02-06,0.2
2016-02-08,0.0
2016-02-09,0.4
2016-02-10,6.9
2016-02-11,11.9
2016-02-13,4.4
2016-02-18,0.0
2016-02-20,0.0
2016-02-22,8.6
2016-02-23,34.6
2016-02-24,3.5
2016-02-25,2.4
2016-02-27,1.5
2016-02-29,0.2
2016-03-01,31.0
2016-03-05,0.0
2016-03-13,0.2
2016-03-14,10.3
2016-03-17,1.1
2016-03-18,0.0
2016-03-28,0.0
2016-03-29,1.0
2016-03-31,0.0
2016-04-04,0.0
2016-04-06,0.0
2016-04-07,0.0
2016-04-08,0.0
2016-04-09,0.0
2016-04-10,0.8
2016-04-11,1.1
2016-04-12,0.8
2016-04-13,41.4
2016-04-14,0.0
2016-04-15,5.1
2016-04-16,0.0
2016-04-17,13.8
2016-04-18,2.5
2016-04-19,0.0
2016-04-20,1.5
2016-04-22,9.8
2016-04-23,63.2
2016-04-24,8.9
2016-04-25,1.2
2016-04-26,14.0
2016-04-27,8.9
2016-04-28,15.3
2016-04-29,64.4
2016-05-02,0.5
2016-05-03,0.2
2016-05-06,2.7
2016-05-07,34.5
2016-05-08,4.0
2016-05-09,2.0
2016-05-10,10.8
2016-05-13,2.5
2016-05-14,18.5
2016-05-15,7.0
2016-05-16,5.6
2016-05-17,3.8
2016-05-18,4.4
2016-05-19,30.5
2016-05-20,8.5
2016-05-21,34.4
2016-05-22,9.4
2016-05-24,23.8
2016-05-25,37.0
2016-05-26,7.5
2016-05-27,0.8
2016-05-30,1.3
2016-05-31,4.3
2016-06-01,2.8
2016-06-02,28.3
2016-06-05,11.2
2016-06-06,5.3
2016-06-07,22.0
2016-06-08,1.5
2016-06-11,17.1
2016-06-14,6.4
2016-06-15,3.5
2016-06-17,4.0
2016-06-18,3.4
2016-06-19,0.0
2016-06-20,2.8
2016-06-21,43.3
2016-06-22,6.6
2016-06-23,3.5
2016-06-25,38.2
2016-06-26,0.6
2016-06-27,0.0
2016-06-28,0.0
2016-06-29,3.9
2016-06-30,12.2
2016-07-01,0.4
2016-07-02,0.0
2016-07-03,0.0
2016-07-04,0.0
2016-07-05,25.7
2016-07-10,38.0
2016-07-12,7.0
2016-07-13,22.5
2016-07-14,13.0
2016-07-15,1.0
2016-07-18,1.0
2016-07-19,48.6
2016-07-20,0.0
2016-07-21,0.8
2016-07-22,55.0
2016-07-23,1.7
2016-07-24,5.5
2016-07-25,0.1
2016-07-27,0.0
2016-07-29,2.2
2016-07-31,1.0
2016-08-01,1.5
2016-08-02,3.5
2016-08-03,45.3
2016-08-04,52.5
2016-08-05,16.0
2016-08-06,13.4
2016-08-24,0.0
2016-09-01,0.0
2016-09-03,9.6
2016-09-04,26.1
2016-09-05,0.8
2016-09-08,27.5
2016-09-09,9.4
2016-09-12,1.4
2016-09-13,8.8
2016-09-14,43.5
2016-09-17,0.0
2016-09-18,77.7
2016-09-19,0.3
2016-09-20,14.4
2016-09-21,37.5
2016-09-23,3.6
2016-09-24,36.7
2016-09-25,0.3
2016-09-26,11.0
2016-09-27,1.4
2016-09-28,3.8
2016-09-30,15.0
2016-10-02,0.9
2016-10-03,5.7
2016-10-04,22.9
2016-10-05,2.8
2016-10-06,1.2
2016-10-07,28.8
2016-10-08,2.8
2016-10-10,5.9
2016-10-11,0.0
2016-10-12,0.4
2016-10-13,14.4
2016-10-15,0.0
2016-10-16,31.6
2016-10-17,12.2
2016-10-18,0.2
2016-10-19,14.1
2016-10-20,1.0
2016-10-21,27.7
2016-10-22,1.1
2016-10-23,0.5
2016-10-24,70.5
2016-10-25,58.7
2016-10-26,46.8
2016-10-27,0.0
2016-10-28,14.1
2016-10-29,1.8
2016-10-30,0.1
2016-10-31,0.4
2016-11-01,0.0
2016-11-02,96.0
2016-11-03,2.6
2016-11-06,1.0
2016-11-07,0.0
2016-11-08,1.8
2016-11-10,37.2
2016-11-11,13.4
2016-11-12,70.3
2016-11-14,0.3
2016-11-15,9.2
2016-11-16,59.3
2016-11-17,8.0
2016-11-18,39.4
2016-11-19,12.6
2016-11-20,0.7
2016-11-21,0.6
2016-11-25,1.0
2016-11-26,5.7
2016-11-27,0.6
2016-11-28,0.0
2016-11-30,0.6
2016-12-02,0.0
2016-12-03,2.1
2016-12-04,2.1
2016-12-05,7.9
2016-12-06,0.9
2016-12-07,0.5
2016-12-08,4.0
2016-12-11,8.7
2016-12-12,1.5
2016-12-13,5.5
2016-12-14,11.5
2016-12-15,0.2
2016-12-16,28.2
2016-12-17,0.0
2016-12-18,0.0
2016-12-20,0.0
2016-12-21,17.8
2016-12-22,0.7
2016-12-23,2.3
2016-12-26,0.0
2016-12-27,0.3
2016-12-30,44.3
2016-12-31,8.8
2017-01-01,6.0
2017-01-02,0.5
2017-01-03,9.2
2017-01-04,4.2
2017-01-05,5.7
2017-01-06,8.0
2017-01-07,5.0
2017-01-08,10.7
2017-01-09,12.5
2017-01-10,4.1
2017-01-13,11.5
2017-01-15,0.0
2017-01-16,0.4
2017-01-18,0.6
2017-01-20,4.6
2017-01-21,1.0
2017-01-22,1.6
2017-01-23,4.2
2017-01-24,0.5
2017-01-25,5.5
2017-01-26,70.7
2017-01-27,40.8
2017-01-28,26.3
2017-01-29,0.1
2017-01-30,39.2
2017-01-31,3.0
2017-02-01,1.6
2017-02-02,0.3
2017-02-03,37.6
2017-02-04,1.2
2017-02-05,3.5
2017-02-06,7.1
2017-02-07,2.9
2017-02-08,2.1
2017-02-09,2.0
2017-02-10,0.5
2017-02-12,1.2
2017-02-13,55.9
2017-02-14,76.2
2017-02-15,2.5
2017-02-16,7.0
2017-02-18,53.3
2017-02-19,37.3
2017-02-20,74.2
2017-02-22,3.5
2017-02-23,12.0
2017-02-24,12.1
2017-02-25,14.1
2017-02-26,0.0
2017-02-27,2.5
2017-02-28,0.0
2017-03-01,9.5
2017-03-03,0.2
2017-03-04,2.0
2017-03-05,4.6
2017-03-07,15.0
2017-03-08,5.0
2017-03-09,2.3
2017-03-10,1.2
2017-03-11,4.9
2017-03-12,13.5
2017-03-13,12.9
2017-03-14,23.4
2017-03-15,11.5
2017-03-18,0.0
2017-03-19,4.0
2017-03-20,9.0
2017-03-21,15.0
2017-03-22,8.0
2017-03-23,14.4
2017-03-24,58.2
2017-03-25,42.0
2017-03-26,17.6
2017-03-27,1.3
2017-03-28,11.3
2017-03-29,3.2
2017-03-30,3.7
2017-03-31,0.0
2017-04-01,0.8
2017-04-02,1.5
2017-04-03,0.0
2017-04-04,0.0
2017-04-05,0.0
2017-04-06,0.6
2017-04-07,4.1
2017-04-08,54.7
2017-04-10,5.0
2017-04-11,0.0
2017-04-15,6.0
2017-04-23,9.7
2017-04-24,0.0
2017-04-25,3.5
2017-04-28,0.3
2017-05-01,0.0
2017-05-03,7.4
2017-05-04,7.4
2017-05-05,14.1
2017-05-06,2.6
2017-05-07,38.3
2017-05-08,3.0
2017-05-09,7.5
2017-05-11,11.6
2017-05-12,3.0
2017-05-13,37.8
2017-05-14,2.0
2017-05-15,10.4
2017-05-16,2.1
2017-05-17,0.0
2017-05-18,27.8
2017-05-19,4.5
2017-05-20,33.7
2017-05-21,10.7
2017-05-22,24.9
2017-05-23,0.0
2017-05-24,5.3
2017-05-25,20.8
2017-05-26,23.0
2017-05-27,19.5
2017-05-29,6.0
2017-05-30,2.1
2017-05-31,25.5
2017-06-01,17.4
2017-06-02,6.8
2017-06-03,32.4
2017-06-04,9.7
2017-06-05,0.0
2017-06-06,6.0
2017-06-10,1.0
2017-06-11,58.0
2017-06-12,7.6
2017-06-13,25.7
2017-06-14,21.8
2017-06-15,20.2
2017-06-16,5.3
2017-06-17,13.8
2017-06-18,0.2
2017-06-20,0.1
2017-06-21,5.4
2017-06-22,11.8
2017-06-23,27.8
2017-06-24,4.5
2017-06-25,1.5
2017-06-26,27.0
2017-06-27,25.3
2017-06-29,0.3
2017-06-30,0.6
2017-07-01,31.4
2017-07-02,1.6
2017-07-03,0.5
2017-07-05,8.6
2017-07-06,2.5
2017-07-07,25.4
2017-07-10,10.5
2017-07-11,10.5
2017-07-12,5.0
2017-07-13,0.4
2017-07-14,46.0
2017-07-15,20.6
2017-07-16,13.9
2017-07-17,15.0
2017-07-18,6.2
2017-07-19,19.1
2017-07-20,6.8
2017-07-22,0.6
2017-07-23,6.5
2017-07-24,0.0
2017-07-27,6.0
2017-07-30,0.0
2017-08-05,0.0
2017-08-07,0.0
2017-08-08,0.0
2017-08-09,13.6
2017-08-10,5.1
2017-08-11,2.6
2017-08-12,2.5
2017-08-13,6.5
2017-08-14,3.3
2017-08-15,3.7
2017-08-16,12.3
2017-08-17,1.6
2017-08-18,0.2
2017-08-19,0.1
2017-08-20,1.9
2017-08-23,0.7
2017-08-24,1.2
2017-08-25,10.8
2017-08-26,9.7
2017-08-27,0.6
2017-08-30,0.6
2017-08-31,0.9
2017-09-01,0.8
2017-09-02,0.3
2017-09-08,0.0
2017-09-09,1.0
2017-09-10,0.2
2017-09-12,0.7
2017-09-14,4.3
2017-09-19,0.5
2017-09-20,0.0
2017-09-21,16.5
2017-09-22,5.3
2017-09-23,2.4
2017-09-25,5.0
2017-09-26,35.4
2017-09-27,7.5
2017-09-28,3.8
2017-09-29,17.4
2017-09-30,9.0
2017-10-01,10.9
2017-10-02,0.0
2017-10-03,0.5
2017-10-04,2.3
2017-10-05,0.5
2017-10-07,12.3
2017-10-08,7.0
2017-10-11,2.6
2017-10-12,1.8
2017-10-13,7.2
2017-10-16,4.5
2017-10-17,21.1
2017-10-19,0.9
2017-10-24,0.8
2017-10-25,0.1
2017-10-26,1.1
2017-10-29,6.5
2017-10-30,1.8
2017-11-01,0.3
2017-11-02,48.2
2017-11-04,0.3
2017-11-05,12.4
2017-11-06,22.5
2017-11-07,20.2
2017-11-08,1.5
2017-11-09,30.8
2017-11-10,2.1
2017-11-11,2.2
2017-11-12,14.3
2017-11-13,0.2
2017-11-14,0.2
2017-11-15,0.0
2017-11-16,2.9
2017-11-19,3.9
2017-11-20,9.3
2017-11-21,4.4
2017-11-22,11.2
2017-11-23,4.4
2017-11-24,3.5
2017-11-25,0.6
2017-11-26,4.3
2017-11-27,31.9
2017-11-29,1.1
2017-12-02,1.5
2017-12-03,0.0
2017-12-04,1.3
2017-12-08,2.0
2017-12-11,11.8
2017-12-13,2.5
2017-12-16,10.8
2017-12-17,2.4
2017-12-18,0.9
2017-12-19,1.4
2017-12-20,13.3
2017-12-23,1.2
2017-12-25,35.7
2017-12-26,7.8
2017-12-28,0.0
2017-12-29,7.9
2017-12-30,1.6
2017-12-31,0.7
2018-01-01,17.2
2018-01-03,6.6
2018-01-04,9.4
2018-01-06,3.0
2018-01-07,10.8
2018-01-08,3.5
2018-01-09,2.8
2018-01-10,0.5
2018-01-11,0.0
2018-01-14,11.5
2018-01-15,9.8
2018-01-16,16.4
2018-01-17,0.0
2018-01-18,5.0
2018-01-19,1.0
2018-01-20,0.0
2018-01-22,1.0
2018-01-23,0.0
2018-01-25,0.0
2018-01-26,0.0
2018-01-27,0.5
2018-01-30,0.0
2018-01-31,9.8
2018-02-03,10.1
2018-02-06,26.8
2018-02-07,37.3
2018-02-08,46.4
2018-02-09,10.1
2018-02-10,3.9
2018-02-11,19.4
2018-02-12,0.2
2018-02-13,0.3
2018-02-15,0.0
2018-02-20,13.5
2018-02-21,5.0
2018-02-26,10.7
2018-02-28,75.9
2018-03-01,0.3
2018-03-03,11.5
2018-03-04,0.0
2018-03-05,1.5
2018-03-06,5.2
2018-03-07,12.8
2018-03-08,1.0
2018-03-09,10.3
2018-03-13,1.1
2018-03-16,3.3
2018-03-17,0.0
2018-03-19,20.8
2018-03-20,2.9
2018-03-22,1.0
2018-03-23,18.0
2018-03-27,14.9
2018-03-28,0.5
2018-03-29,20.1
2018-03-30,8.0
2018-03-31,10.5
2018-04-02,1.7
2018-04-03,2.6
2018-04-04,8.4
2018-04-05,0.8
2018-04-08,2.2
2018-04-09,0.5
2018-04-10,2.1
2018-04-14,0.0
2018-04-15,0.0
2018-04-16,18.2
2018-04-17,44.1
2018-04-18,7.9
2018-04-19,6.0
2018-04-20,0.5
2018-04-21,0.7
2018-04-22,19.5
2018-04-23,45.2
2018-04-24,28.8
2018-04-25,8.0
2018-04-26,11.7
2018-04-27,2.8
2018-04-28,0.0
2018-04-29,5.7
2018-04-30,45.4
2018-05-01,0.0
2018-05-02,0.0
2018-05-03,5.5
2018-05-07,0.3
2018-05-08,28.4
2018-05-09,10.1
2018-05-10,9.5
2018-05-11,8.8
2018-05-12,34.4
2018-05-19,12.0
2018-05-21,0.0
2018-05-24,14.0
2018-05-26,1.2
2018-05-28,0.2
2018-05-30,0.0
2018-05-31,8.4
2018-06-01,40.2
2018-06-02,9.9
2018-06-03,2.6
2018-06-05,0.0
2018-06-08,0.0
2018-06-13,48.5
2018-06-14,6.5
2018-06-21,50.0
2018-06-22,1.6
2018-06-25,1.5
2018-06-26,6.6
2018-06-28,11.0
2018-06-29,11.5
2018-06-30,0.6
2018-07-01,0.0
2018-07-02,0.0
2018-07-03,6.0
2018-07-04,9.1
2018-07-05,7.7
2018-07-06,10.4
2018-07-07,0.0
2018-07-08,1.7
2018-07-13,2.7
2018-07-17,6.5
2018-07-23,1.8
2018-07-29,0.3
2018-08-11,18.5
2018-08-12,1.5
2018-08-13,0.6
2018-08-15,0.4
2018-08-25,0.0
2018-08-26,7.6
2018-08-27,0.0
2018-08-28,0.5
2018-08-30,0.0
2018-08-31,5.3
2018-09-01,0.0
2018-09-05,5.0
2018-09-06,2.5
2018-09-10,24.0
2018-09-18,22.0
2018-09-19,17.0
2018-09-20,0.0
2018-10-11,0.5
2018-10-12,1.1
2018-10-13,0.0
2018-10-15,4.8
2018-10-16,59.8
2018-10-17,1.3
2018-10-18,30.5
2018-10-19,15.7
2018-10-20,31.6
2018-10-21,12.4
2018-10-22,9.6
2018-10-23,0.7
2018-10-25,0.0
2018-10-26,0.4
2018-10-28,2.4
2018-10-29,10.3
2018-10-30,0.4
2018-11-05,3.0
2018-11-06,0.0
2018-11-08,22.0
2018-11-09,24.4
2018-11-10,8.6
2018-11-11,30.1
2018-11-12,57.1
2018-11-14,19.9
2018-11-16,2.5
2018-11-17,29.3
2018-11-18,1.0
2018-11-20,1.7
2018-11-21,1.5
2018-11-22,0.0
2018-11-23,42.8
2018-11-25,0.0
2018-11-27,0.0
2018-11-29,0.0
2018-11-30,6.3
2018-12-01,0.0
2018-12-03,1.3
2018-12-04,5.7
2018-12-05,1.2
2018-12-06,10.1
2018-12-07,0.0
2018-12-09,6.4
2018-12-10,12.0
2018-12-11,1.7
2018-12-12,1.6
2018-12-13,2.0
2018-12-14,0.0
2018-12-15,17.7
2018-12-16,1.2
2018-12-18,6.5
2018-12-20,0.0
2018-12-21,5.5
2018-12-22,3.1
2018-12-23,12.9
2018-12-24,3.2
2018-12-25,12.1
2018-12-26,12.1
2018-12-27,5.1
2018-12-28,11.0
2018-12-29,13.2
2018-12-30,1.0
